truncate table
    public.audit_logs,
    public.user_course_progress,
    public.notifications,
    public.messages,
    public.conversations,
    public.mentor_requests,
    public.training_links,
    public.role_permissions,
    public.user_roles,
    public.permissions,
    public.permission_groups,
    public.roles,
    public.courses,
    public.users,
    public.branches
restart identity cascade;

-- =====================================================
-- BRANCHES
-- =====================================================

insert into public.branches (
    id,
    code,
    name,
    city,
    is_active
)
values
(
    '00000000-0000-0000-0000-000000000001',
    'HN',
    'Chi nhánh Hà Nội',
    'Hà Nội',
    true
),
(
    '00000000-0000-0000-0000-000000000002',
    'DN',
    'Chi nhánh Đà Nẵng',
    'Đà Nẵng',
    true
),
(
    '00000000-0000-0000-0000-000000000003',
    'HCM',
    'Chi nhánh Sài Gòn',
    'TP HCM',
    true
);

-- =====================================================
-- ROLES
-- =====================================================

insert into public.roles (
    id,
    code,
    name,
    description
)
values
(
    '00000000-0000-0000-0000-000000000010',
    'ADMIN',
    'Administrator',
    'System administrator'
),
(
    '00000000-0000-0000-0000-000000000011',
    'MENTOR',
    'Mentor',
    'Mentor role'
),
(
    '00000000-0000-0000-0000-000000000012',
    'MEMBER',
    'Member',
    'Normal member'
);

-- =====================================================
-- PERMISSION GROUPS
-- =====================================================

insert into public.permission_groups (
    id,
    code,
    name
)
values
(
    '00000000-0000-0000-0000-000000000020',
    'USER',
    'User Management'
),
(
    '00000000-0000-0000-0000-000000000021',
    'TRAINING',
    'Training Management'
),
(
    '00000000-0000-0000-0000-000000000022',
    'SYSTEM',
    'System'
);

-- =====================================================
-- PERMISSIONS
-- =====================================================

insert into public.permissions (
    id,
    permission_group_id,
    code,
    name,
    module
)
values
(
    '00000000-0000-0000-0000-000000000031',
    '00000000-0000-0000-0000-000000000020',
    'USER_VIEW',
    'View User',
    'users'
),
(
    '00000000-0000-0000-0000-000000000032',
    '00000000-0000-0000-0000-000000000020',
    'USER_MANAGE',
    'Manage User',
    'users'
),
(
    '00000000-0000-0000-0000-000000000033',
    '00000000-0000-0000-0000-000000000021',
    'TRAINING_MANAGE',
    'Manage Training',
    'training'
),
(
    '00000000-0000-0000-0000-000000000034',
    '00000000-0000-0000-0000-000000000022',
    'SYSTEM_ADMIN',
    'System Admin',
    'system'
);

-- =====================================================
-- ROLE PERMISSIONS
-- =====================================================

insert into public.role_permissions (
    role_id,
    permission_id
)
values

-- ADMIN
(
    '00000000-0000-0000-0000-000000000010',
    '00000000-0000-0000-0000-000000000031'
),
(
    '00000000-0000-0000-0000-000000000010',
    '00000000-0000-0000-0000-000000000032'
),
(
    '00000000-0000-0000-0000-000000000010',
    '00000000-0000-0000-0000-000000000033'
),
(
    '00000000-0000-0000-0000-000000000010',
    '00000000-0000-0000-0000-000000000034'
),

-- MENTOR
(
    '00000000-0000-0000-0000-000000000011',
    '00000000-0000-0000-0000-000000000031'
),
(
    '00000000-0000-0000-0000-000000000011',
    '00000000-0000-0000-0000-000000000033'
),

-- MEMBER
(
    '00000000-0000-0000-0000-000000000012',
    '00000000-0000-0000-0000-000000000031'
);

-- =====================================================
-- USERS
-- =====================================================

insert into public.users (
    id,
    email,
    password_hash,
    full_name,
    birth_date,
    avatar_url,
    phone,
    branch_id,
    status
)
values

(
    '00000000-0000-0000-0000-000000000101',
    'admin@discipleship.vn',
    '$2b$10$demo',
    'Lê Mục Sư',
    '1970-03-15',
    null,
    '0900000001',
    '00000000-0000-0000-0000-000000000001',
    'active'
),

(
    '00000000-0000-0000-0000-000000000102',
    'member1@discipleship.vn',
    '$2b$10$demo',
    'Trần Môn Đồ',
    '1990-09-10',
    null,
    '0900000002',
    '00000000-0000-0000-0000-000000000003',
    'active'
),

(
    '00000000-0000-0000-0000-000000000103',
    'member2@discipleship.vn',
    '$2b$10$demo',
    'Nguyễn Vâng Phục',
    '1992-01-05',
    null,
    '0900000003',
    '00000000-0000-0000-0000-000000000001',
    'active'
),

(
    '00000000-0000-0000-0000-000000000104',
    'member3@discipleship.vn',
    '$2b$10$demo',
    'Lê Chiên Con',
    '1995-11-22',
    null,
    '0900000004',
    '00000000-0000-0000-0000-000000000003',
    'active'
),

(
    '00000000-0000-0000-0000-000000000105',
    'member4@discipleship.vn',
    '$2b$10$demo',
    'Phạm Hướng Dẫn',
    '1980-06-20',
    null,
    '0900000005',
    '00000000-0000-0000-0000-000000000003',
    'active'
),

(
    '00000000-0000-0000-0000-000000000106',
    'member5@discipleship.vn',
    '$2b$10$demo',
    'Võ Tin Kính',
    '1993-07-14',
    null,
    '0900000006',
    '00000000-0000-0000-0000-000000000002',
    'active'
),

(
    '00000000-0000-0000-0000-000000000107',
    'member6@discipleship.vn',
    '$2b$10$demo',
    'Đặng Yêu Thương',
    '1997-04-30',
    null,
    '0900000007',
    '00000000-0000-0000-0000-000000000001',
    'active'
),

(
    '00000000-0000-0000-0000-000000000108',
    'member7@discipleship.vn',
    '$2b$10$demo',
    'Bùi Trung Tín',
    '1988-12-03',
    null,
    '0900000008',
    '00000000-0000-0000-0000-000000000003',
    'active'
);

-- =====================================================
-- USER ROLES
-- =====================================================

insert into public.user_roles (
    user_id,
    role_id
)
values
('00000000-0000-0000-0000-000000000101','00000000-0000-0000-0000-000000000010'),

('00000000-0000-0000-0000-000000000102','00000000-0000-0000-0000-000000000011'),
('00000000-0000-0000-0000-000000000103','00000000-0000-0000-0000-000000000011'),

('00000000-0000-0000-0000-000000000104','00000000-0000-0000-0000-000000000012'),
('00000000-0000-0000-0000-000000000105','00000000-0000-0000-0000-000000000012'),
('00000000-0000-0000-0000-000000000106','00000000-0000-0000-0000-000000000012'),
('00000000-0000-0000-0000-000000000107','00000000-0000-0000-0000-000000000012'),
('00000000-0000-0000-0000-000000000108','00000000-0000-0000-0000-000000000012');

-- =====================================================
-- COURSES
-- =====================================================

insert into public.courses (
    id,
    code,
    name,
    description,
    order_no,
    is_active
)
values
(
    '00000000-0000-0000-0000-000000000201',
    'GENESIS_1',
    'Sáng thế ký 1',
    'Genesis',
    1,
    true
);

-- =====================================================
-- DISCIPLESHIP TREE
--
-- 101
-- ├──102
-- │   ├──104
-- │   │   ├──106
-- │   │   └──107
-- │   └──105
-- └──103
--     └──108
-- =====================================================

insert into public.training_links (
    id,
    course_id,
    mentor_id,
    disciple_id,
    start_date,
    end_date,
    status,
    created_by
)
values

('00000000-0000-0000-0000-000000000301','00000000-0000-0000-0000-000000000201','00000000-0000-0000-0000-000000000101','00000000-0000-0000-0000-000000000102','2022-01-01','2022-06-01','completed','00000000-0000-0000-0000-000000000101'),

('00000000-0000-0000-0000-000000000302','00000000-0000-0000-0000-000000000201','00000000-0000-0000-0000-000000000101','00000000-0000-0000-0000-000000000103','2022-01-01','2022-06-01','completed','00000000-0000-0000-0000-000000000101'),

('00000000-0000-0000-0000-000000000303','00000000-0000-0000-0000-000000000201','00000000-0000-0000-0000-000000000102','00000000-0000-0000-0000-000000000104','2022-07-01','2022-12-01','completed','00000000-0000-0000-0000-000000000101'),

('00000000-0000-0000-0000-000000000304','00000000-0000-0000-0000-000000000201','00000000-0000-0000-0000-000000000102','00000000-0000-0000-0000-000000000105','2022-07-01','2022-12-01','completed','00000000-0000-0000-0000-000000000101'),

('00000000-0000-0000-0000-000000000305','00000000-0000-0000-0000-000000000201','00000000-0000-0000-0000-000000000104','00000000-0000-0000-0000-000000000106','2023-01-01','2023-06-01','completed','00000000-0000-0000-0000-000000000101'),

('00000000-0000-0000-0000-000000000306','00000000-0000-0000-0000-000000000201','00000000-0000-0000-0000-000000000104','00000000-0000-0000-0000-000000000107','2023-01-01','2023-06-01','completed','00000000-0000-0000-0000-000000000101'),

('00000000-0000-0000-0000-000000000307','00000000-0000-0000-0000-000000000201','00000000-0000-0000-0000-000000000103','00000000-0000-0000-0000-000000000108','2023-01-01','2023-06-01','completed','00000000-0000-0000-0000-000000000101');

-- =====================================================
-- SAMPLE PROGRESS
-- =====================================================

insert into public.user_course_progress (
    id,
    user_id,
    course_id,
    mentor_id,
    status,
    start_date,
    completed_date
)
values
(
    '00000000-0000-0000-0000-000000000801',
    '00000000-0000-0000-0000-000000000102',
    '00000000-0000-0000-0000-000000000201',
    '00000000-0000-0000-0000-000000000101',
    'completed',
    '2022-01-01',
    '2022-06-01'
);

-- =====================================================
-- AUDIT LOG
-- =====================================================

insert into public.audit_logs (
    id,
    actor_id,
    entity_type,
    entity_id,
    action
)
values
(
    '00000000-0000-0000-0000-000000000901',
    '00000000-0000-0000-0000-000000000101',
    'training_links',
    '00000000-0000-0000-0000-000000000301',
    'create'
);
